id,title,category
eac7efa5dbd3d667f26eb3d3ab504464,Hornby 2014 Catalogue,Hobbies > Model Trains & Railway Sets > Rail Vehicles > Trains
b17540ef7e86e461d37f3ae58b7b72ac,FunkyBuysÂ® Large Christmas Holiday Express Festive Train Set (SI-TY1017) Toy Light / Sounds / Battery Operated & Smoke,Hobbies > Model Trains & Railway Sets > Rail Vehicles > Trains
348f344247b0c1a935b1223072ef9d8a,CLASSIC TOY TRAIN SET TRACK CARRIAGES LIGHT ENGINE BOXED BOYS KIDS BATTERY,Hobbies > Model Trains & Railway Sets > Rail Vehicles > Trains
e12b92dbb8eaee78b22965d2a9bbbd9f,HORNBY Coach R4410A BR Hawksworth Corridor 3rd,Hobbies > Model Trains & Railway Sets > Rail Vehicles > Trains
e33a9adeed5f36840ccc227db4682a36,Hornby 00 Gauge 0-4-0 Gildenlow Salt Co. Steam Locomotive Model,Hobbies > Model Trains & Railway Sets > Rail Vehicles > Trains
cb34f0a84102c1ebc3ef6892d7444d36,20pcs Model Garden Light Double Heads Lamppost Scale 1:100,Hobbies > Model Trains & Railway Sets > Lighting & Signal Engineering > Lamps & Lighting
f74b562470571dfb689324adf236f82c,Hornby 00 Gauge 230mm BR Bogie Passenger Brake Coach Model (Red),Hobbies > Model Trains & Railway Sets > Rail Vehicles > Trains
87bbb472ef9d90dcef140a551665c929,Hornby Santa's Express Train Set,Hobbies > Model Trains & Railway Sets > Rail Vehicles > Trains
7e2aa2b4596a39ba852449718413d7cc,Hornby Gauge Western Express Digital Train Set with eLink and TTS Loco Train Set,Hobbies > Model Trains & Railway Sets > Rail Vehicles > Trains
